{"stats":{"minecraft:broken":{"minecraft:stone_sword":1,"minecraft:wooden_pickaxe":1},"minecraft:mined":{"minecraft:grass_block":2,"minecraft:sandstone":4,"minecraft:sandstone_stairs":1,"minecraft:spawner":10,"minecraft:iron_ore":12,"minecraft:chiseled_sandstone":4,"chococraft:gysahl_green":3,"minecraft:bookshelf":10,"minecraft:iron_bars":9,"minecraft:stone":47,"minecraft:cut_sandstone":8,"minecraft:crafting_table":2,"minecraft:tall_grass":6,"minecraft:wall_torch":4,"minecraft:birch_planks":5,"minecraft:lime_bed":1,"minecraft:birch_log":47,"minecraft:grass":16,"minecraft:oak_log":2,"minecraft:coal_ore":44,"minecraft:sand":1,"minecraft:dirt":3,"minecraft:netherrack":47},"minecraft:used":{"minecraft:stone_sword":132,"minecraft:chest":2,"minecraft:shield":2,"minecraft:rotten_flesh":11,"minecraft:torch":18,"minecraft:dirt":7,"minecraft:obsidian":2,"minecraft:wooden_axe":13,"minecraft:lava_bucket":1,"minecraft:furnace":1,"tombstone:gift":1,"minecraft:cooked_beef":3,"minecraft:cooked_mutton":3,"minecraft:water_bucket":11,"minecraft:sandstone_stairs":2,"minecraft:birch_planks":21,"minecraft:stone_pickaxe":130,"minecraft:baked_potato":5,"minecraft:oak_planks":2,"minecraft:wooden_pickaxe":59,"minecraft:cut_sandstone":12,"minecraft:sand":6,"minecraft:crafting_table":5,"minecraft:lime_bed":2,"minecraft:apple":1,"minecraft:bread":1,"minecraft:stone_axe":55,"minecraft:potion":1,"minecraft:birch_log":42,"minecraft:bucket":13,"chococraft:gysahl_green":11},"minecraft:killed":{"minecraft:spider":7,"minecraft:skeleton":6,"mowziesmobs:barakoaya":5,"minecraft:bat":1,"minecraft:creeper":1,"minecraft:zombie":9},"minecraft:crafted":{"minecraft:oak_planks":8,"minecraft:fishing_rod":1,"minecraft:furnace":1,"minecraft:bow":1,"minecraft:stone_pickaxe":1,"minecraft:chest":2,"minecraft:cooked_beef":3,"minecraft:crafting_table":3,"minecraft:wooden_pickaxe":1,"minecraft:bucket":1,"minecraft:birch_planks":188,"minecraft:stone_axe":1,"minecraft:air":0,"minecraft:stick":88,"minecraft:iron_ingot":3,"minecraft:wooden_axe":1,"minecraft:stone_sword":1,"minecraft:golden_carrot":7},"minecraft:dropped":{"chococraft:loverly_gysahl_green":1,"minecraft:wheat_seeds":2,"minecraft:sandstone_stairs":6,"minecraft:oak_fence":2,"minecraft:cobblestone":28,"minecraft:leather":2,"minecraft:granite":2,"minecraft:coal":4,"minecraft:dirt":16,"minecraft:wooden_axe":1,"minecraft:cut_sandstone":11,"tombstone:grave_dust":3,"minecraft:sand":6,"minecraft:string":4,"minecraft:chiseled_sandstone":9,"minecraft:gravel":1,"minecraft:polished_diorite":2,"minecraft:stone_axe":1,"tombstone:gift":3,"minecraft:rotten_flesh":2,"minecraft:oak_planks":1,"minecraft:cooked_mutton":3,"minecraft:gunpowder":2,"minecraft:andesite":1,"minecraft:acacia_slab":3,"minecraft:oak_sapling":1,"minecraft:spider_eye":3,"minecraft:sandstone":35,"minecraft:iron_bars":7,"minecraft:bow":6,"minecraft:netherrack":36},"minecraft:custom":{"minecraft:mob_kills":31,"minecraft:interact_with_crafting_table":17,"minecraft:eat_cake_slice":6,"minecraft:leave_game":2,"minecraft:time_since_death":4600,"minecraft:climb_one_cm":137,"minecraft:sprint_one_cm":258831,"minecraft:walk_one_cm":101912,"minecraft:drop":71,"minecraft:deaths":8,"minecraft:sneak_time":3838,"minecraft:walk_under_water_one_cm":4852,"tombstone:tomb_raiding":1,"minecraft:jump":1701,"minecraft:walk_on_water_one_cm":10712,"minecraft:interact_with_furnace":10,"minecraft:play_one_minute":68167,"minecraft:sleep_in_bed":2,"minecraft:time_since_rest":1783,"minecraft:damage_taken":3404,"minecraft:damage_absorbed":50,"minecraft:damage_dealt":6306,"minecraft:swim_one_cm":17315,"minecraft:fly_one_cm":450912,"minecraft:player_kills":2,"minecraft:open_chest":58,"minecraft:crouch_one_cm":7801,"tombstone:undead_killed":15,"minecraft:fall_one_cm":32757},"minecraft:picked_up":{"minecraft:wooden_axe":1,"minecraft:crafting_table":2,"chococraft:loverly_gysahl_green":2,"minecraft:string":11,"minecraft:gold_nugget":7,"minecraft:beef":3,"minecraft:iron_nugget":6,"minecraft:birch_sapling":5,"minecraft:stick":10,"minecraft:sandstone":35,"minecraft:torch":5,"minecraft:fire_charge":2,"tombstone:grave_dust":3,"minecraft:carrot":10,"minecraft:arrow":5,"minecraft:rotten_flesh":14,"minecraft:sandstone_stairs":8,"minecraft:iron_bars":9,"minecraft:cobblestone":77,"minecraft:birch_log":47,"minecraft:lime_bed":1,"minecraft:water_bucket":1,"minecraft:andesite":1,"minecraft:leather":2,"minecraft:cut_sandstone":23,"minecraft:birch_planks":5,"minecraft:flint":6,"minecraft:oak_log":2,"minecraft:gunpowder":2,"minecraft:dirt":10,"tombstone:gift":2,"minecraft:cooked_mutton":9,"minecraft:bone":2,"chococraft:gysahl_green":11,"minecraft:apple":1,"minecraft:bow":6,"minecraft:wheat_seeds":3,"minecraft:iron_ore":12,"minecraft:oak_planks":10,"minecraft:book":27,"minecraft:gravel":1,"minecraft:sand":12,"chococraft:gysahl_green_seeds":6,"minecraft:chiseled_sandstone":9,"minecraft:spider_eye":3,"minecraft:polished_diorite":2,"minecraft:granite":2,"minecraft:oak_sapling":1,"tombstone:magic_scroll":1,"minecraft:netherrack":72,"minecraft:coal":63},"minecraft:killed_by":{"minecraft:creeper":2,"minecraft:enderman":1,"minecraft:skeleton":2,"minecraft:zombie":3}},"DataVersion":2586}