{"stats":{"minecraft:broken":{"minecraft:wooden_pickaxe":1},"minecraft:mined":{"minecraft:crafting_table":2,"minecraft:grass_block":2,"minecraft:tall_grass":4,"minecraft:lime_bed":1,"minecraft:iron_ore":3,"minecraft:birch_log":47,"minecraft:grass":9,"chococraft:gysahl_green":3,"minecraft:coal_ore":44,"minecraft:oak_log":2,"minecraft:iron_bars":2,"minecraft:dirt":3,"minecraft:stone":29,"minecraft:netherrack":47},"minecraft:used":{"minecraft:water_bucket":1,"minecraft:stone_sword":13,"minecraft:birch_planks":14,"minecraft:stone_pickaxe":66,"minecraft:oak_planks":2,"minecraft:wooden_pickaxe":59,"minecraft:rotten_flesh":5,"minecraft:dirt":7,"minecraft:crafting_table":3,"minecraft:obsidian":2,"minecraft:wooden_axe":13,"minecraft:lava_bucket":1,"minecraft:stone_axe":17,"minecraft:bucket":3,"minecraft:birch_log":42,"tombstone:gift":1,"chococraft:gysahl_green":11},"minecraft:killed":{"minecraft:spider":1,"minecraft:zombie":3},"minecraft:crafted":{"minecraft:oak_planks":8,"minecraft:fishing_rod":1,"minecraft:crafting_table":2,"minecraft:wooden_pickaxe":1,"minecraft:bucket":1,"minecraft:birch_planks":188,"minecraft:stone_axe":1,"minecraft:stick":88,"minecraft:iron_ingot":3,"minecraft:stone_pickaxe":1,"minecraft:wooden_axe":1,"minecraft:stone_sword":1},"minecraft:dropped":{"chococraft:loverly_gysahl_green":1,"minecraft:wheat_seeds":2,"minecraft:leather":2,"minecraft:gunpowder":2,"minecraft:wooden_axe":1,"minecraft:oak_sapling":1,"tombstone:grave_dust":2,"minecraft:spider_eye":1,"minecraft:netherrack":36},"minecraft:custom":{"minecraft:interact_with_furnace":4,"minecraft:mob_kills":4,"minecraft:interact_with_crafting_table":11,"minecraft:play_one_minute":28540,"minecraft:leave_game":1,"minecraft:time_since_death":6259,"minecraft:climb_one_cm":137,"minecraft:time_since_rest":5911,"minecraft:sprint_one_cm":77639,"minecraft:damage_taken":1048,"minecraft:walk_one_cm":31769,"minecraft:drop":11,"minecraft:damage_dealt":1597,"minecraft:swim_one_cm":17074,"minecraft:fly_one_cm":218845,"minecraft:player_kills":2,"minecraft:open_chest":5,"minecraft:crouch_one_cm":5212,"tombstone:undead_killed":3,"minecraft:deaths":3,"minecraft:sneak_time":2433,"minecraft:walk_under_water_one_cm":1075,"tombstone:tomb_raiding":1,"minecraft:jump":824,"minecraft:walk_on_water_one_cm":9637,"minecraft:fall_one_cm":18589},"minecraft:picked_up":{"minecraft:wooden_axe":1,"minecraft:birch_log":47,"minecraft:lime_bed":1,"chococraft:loverly_gysahl_green":2,"minecraft:crafting_table":2,"minecraft:water_bucket":1,"minecraft:leather":2,"minecraft:flint":6,"minecraft:oak_log":2,"minecraft:gunpowder":2,"minecraft:dirt":10,"minecraft:string":2,"chococraft:gysahl_green":11,"minecraft:apple":1,"minecraft:wheat_seeds":3,"minecraft:beef":3,"minecraft:iron_ore":2,"minecraft:iron_nugget":6,"minecraft:birch_sapling":5,"minecraft:oak_planks":10,"minecraft:stick":10,"minecraft:fire_charge":2,"chococraft:gysahl_green_seeds":6,"tombstone:grave_dust":1,"minecraft:spider_eye":1,"minecraft:rotten_flesh":8,"minecraft:oak_sapling":1,"minecraft:netherrack":72,"minecraft:iron_bars":2,"minecraft:coal":57,"minecraft:cobblestone":41},"minecraft:killed_by":{"minecraft:skeleton":2,"minecraft:enderman":1}},"DataVersion":2586}