{"stats":{"minecraft:mined":{"minecraft:grass":1,"chococraft:gysahl_green":2,"minecraft:birch_log":5},"minecraft:used":{"chococraft:gysahl_green":7},"minecraft:custom":{"minecraft:jump":143,"minecraft:time_since_rest":5472,"minecraft:crouch_one_cm":150,"minecraft:walk_on_water_one_cm":116,"minecraft:damage_dealt":196,"minecraft:play_one_minute":5472,"minecraft:sprint_one_cm":9303,"minecraft:damage_taken":205,"minecraft:time_since_death":5472,"minecraft:walk_one_cm":4534,"minecraft:sneak_time":44,"minecraft:walk_under_water_one_cm":50,"minecraft:swim_one_cm":537,"minecraft:fall_one_cm":2900,"minecraft:fly_one_cm":38252,"minecraft:player_kills":1},"minecraft:picked_up":{"chococraft:gysahl_green_seeds":2,"chococraft:gysahl_green":7,"minecraft:birch_log":5}},"DataVersion":2586}