{"stats":{"minecraft:broken":{"minecraft:wooden_pickaxe":1},"minecraft:mined":{"minecraft:birch_log":5,"minecraft:grass":8,"chococraft:gysahl_green":3,"minecraft:oak_log":2,"minecraft:tall_grass":4,"minecraft:stone":12,"minecraft:netherrack":47},"minecraft:used":{"minecraft:wooden_axe":13,"minecraft:water_bucket":1,"minecraft:lava_bucket":1,"minecraft:birch_planks":14,"minecraft:oak_planks":2,"minecraft:wooden_pickaxe":59,"minecraft:rotten_flesh":2,"minecraft:stone_axe":8,"minecraft:crafting_table":1,"minecraft:bucket":3,"chococraft:gysahl_green":11,"minecraft:obsidian":2},"minecraft:killed":{"minecraft:zombie":1,"minecraft:spider":1},"minecraft:crafted":{"minecraft:oak_planks":8,"minecraft:crafting_table":1,"minecraft:stick":4,"minecraft:wooden_pickaxe":1,"minecraft:iron_ingot":3,"minecraft:wooden_axe":1,"minecraft:bucket":1,"minecraft:birch_planks":20},"minecraft:custom":{"minecraft:time_since_rest":3284,"minecraft:interact_with_furnace":4,"minecraft:sprint_one_cm":47069,"minecraft:damage_taken":658,"minecraft:walk_one_cm":20304,"minecraft:mob_kills":2,"minecraft:damage_dealt":1217,"minecraft:swim_one_cm":3840,"minecraft:interact_with_crafting_table":7,"minecraft:fly_one_cm":139962,"minecraft:player_kills":2,"minecraft:open_chest":2,"minecraft:crouch_one_cm":2929,"minecraft:play_one_minute":16540,"tombstone:undead_killed":1,"minecraft:deaths":1,"minecraft:sneak_time":1113,"minecraft:walk_under_water_one_cm":690,"tombstone:tomb_raiding":1,"minecraft:jump":565,"minecraft:leave_game":1,"minecraft:walk_on_water_one_cm":5824,"minecraft:time_since_death":3790,"minecraft:climb_one_cm":137,"minecraft:fall_one_cm":12806},"minecraft:picked_up":{"minecraft:birch_log":5,"chococraft:loverly_gysahl_green":1,"minecraft:oak_log":2,"chococraft:gysahl_green_seeds":3,"minecraft:dirt":3,"chococraft:gysahl_green":11,"minecraft:rotten_flesh":2,"minecraft:wheat_seeds":1,"minecraft:netherrack":36,"minecraft:cobblestone":12},"minecraft:killed_by":{"minecraft:enderman":1}},"DataVersion":2586}