{"stats":{"minecraft:broken":{"minecraft:wooden_pickaxe":1},"minecraft:mined":{"minecraft:cut_sandstone":6,"minecraft:crafting_table":2,"minecraft:grass_block":2,"minecraft:tall_grass":4,"minecraft:wall_torch":4,"minecraft:sandstone_stairs":1,"minecraft:spawner":4,"minecraft:birch_planks":3,"minecraft:lime_bed":1,"minecraft:iron_ore":7,"minecraft:birch_log":47,"minecraft:grass":9,"minecraft:bookshelf":2,"chococraft:gysahl_green":3,"minecraft:coal_ore":44,"minecraft:oak_log":2,"minecraft:iron_bars":2,"minecraft:dirt":3,"minecraft:stone":43,"minecraft:netherrack":47},"minecraft:used":{"minecraft:water_bucket":1,"minecraft:sandstone_stairs":2,"minecraft:stone_sword":66,"minecraft:birch_planks":19,"minecraft:stone_pickaxe":96,"minecraft:oak_planks":2,"minecraft:wooden_pickaxe":59,"minecraft:cut_sandstone":12,"minecraft:rotten_flesh":11,"minecraft:torch":11,"minecraft:dirt":7,"minecraft:crafting_table":4,"minecraft:obsidian":2,"minecraft:wooden_axe":13,"minecraft:apple":1,"minecraft:lava_bucket":1,"minecraft:stone_axe":22,"minecraft:furnace":1,"minecraft:bucket":3,"minecraft:birch_log":42,"tombstone:gift":1,"chococraft:gysahl_green":11,"minecraft:cooked_beef":2},"minecraft:killed":{"minecraft:spider":4,"minecraft:bat":1,"minecraft:creeper":1,"minecraft:skeleton":2,"minecraft:zombie":5},"minecraft:crafted":{"minecraft:cooked_beef":3,"minecraft:oak_planks":8,"minecraft:fishing_rod":1,"minecraft:crafting_table":2,"minecraft:wooden_pickaxe":1,"minecraft:furnace":1,"minecraft:bucket":1,"minecraft:birch_planks":188,"minecraft:stone_axe":1,"minecraft:air":0,"minecraft:bow":1,"minecraft:stick":88,"minecraft:iron_ingot":3,"minecraft:stone_pickaxe":1,"minecraft:wooden_axe":1,"minecraft:stone_sword":1},"minecraft:dropped":{"minecraft:gravel":1,"minecraft:polished_diorite":2,"minecraft:stone_axe":1,"chococraft:loverly_gysahl_green":1,"minecraft:wheat_seeds":2,"minecraft:sandstone_stairs":6,"minecraft:cobblestone":23,"minecraft:oak_planks":1,"minecraft:leather":2,"minecraft:granite":2,"minecraft:cooked_mutton":3,"minecraft:gunpowder":2,"minecraft:andesite":1,"minecraft:wooden_axe":1,"minecraft:cut_sandstone":3,"minecraft:oak_sapling":1,"tombstone:grave_dust":2,"minecraft:spider_eye":2,"minecraft:sandstone":17,"minecraft:sand":4,"minecraft:bow":1,"minecraft:netherrack":36,"minecraft:chiseled_sandstone":2},"minecraft:custom":{"minecraft:interact_with_furnace":10,"minecraft:mob_kills":13,"minecraft:interact_with_crafting_table":14,"minecraft:play_one_minute":40540,"minecraft:eat_cake_slice":6,"minecraft:leave_game":1,"minecraft:time_since_death":3123,"minecraft:climb_one_cm":137,"minecraft:time_since_rest":1459,"minecraft:sprint_one_cm":113473,"minecraft:damage_taken":1740,"minecraft:walk_one_cm":58063,"minecraft:drop":32,"minecraft:damage_dealt":3467,"minecraft:swim_one_cm":17074,"minecraft:fly_one_cm":256260,"minecraft:player_kills":2,"minecraft:open_chest":16,"minecraft:crouch_one_cm":6196,"tombstone:undead_killed":7,"minecraft:deaths":4,"minecraft:sneak_time":3169,"minecraft:walk_under_water_one_cm":1075,"tombstone:tomb_raiding":1,"minecraft:jump":1012,"minecraft:walk_on_water_one_cm":9637,"minecraft:fall_one_cm":20833},"minecraft:picked_up":{"minecraft:wooden_axe":1,"minecraft:birch_log":47,"minecraft:lime_bed":1,"chococraft:loverly_gysahl_green":2,"minecraft:crafting_table":2,"minecraft:andesite":1,"minecraft:water_bucket":1,"minecraft:cut_sandstone":15,"minecraft:leather":2,"minecraft:birch_planks":3,"minecraft:flint":6,"minecraft:oak_log":2,"minecraft:gunpowder":2,"minecraft:dirt":10,"minecraft:string":6,"minecraft:cooked_mutton":6,"chococraft:gysahl_green":11,"minecraft:apple":1,"minecraft:bow":1,"minecraft:wheat_seeds":3,"minecraft:gold_nugget":7,"minecraft:beef":3,"minecraft:iron_ore":7,"minecraft:iron_nugget":6,"minecraft:birch_sapling":5,"minecraft:oak_planks":10,"minecraft:book":6,"minecraft:stick":10,"minecraft:sandstone":17,"minecraft:torch":5,"minecraft:gravel":1,"minecraft:fire_charge":2,"minecraft:sand":4,"chococraft:gysahl_green_seeds":6,"tombstone:grave_dust":1,"minecraft:chiseled_sandstone":2,"minecraft:spider_eye":2,"minecraft:arrow":2,"minecraft:rotten_flesh":10,"minecraft:polished_diorite":2,"minecraft:sandstone_stairs":8,"minecraft:granite":2,"minecraft:oak_sapling":1,"minecraft:netherrack":72,"minecraft:iron_bars":2,"minecraft:coal":59,"minecraft:cobblestone":72},"minecraft:killed_by":{"minecraft:skeleton":2,"minecraft:creeper":1,"minecraft:enderman":1}},"DataVersion":2586}