{"stats":{"minecraft:broken":{"minecraft:wooden_pickaxe":1},"minecraft:mined":{"minecraft:cut_sandstone":8,"minecraft:crafting_table":2,"minecraft:grass_block":2,"minecraft:tall_grass":4,"minecraft:sandstone":4,"minecraft:wall_torch":4,"minecraft:sandstone_stairs":1,"minecraft:spawner":7,"minecraft:birch_planks":5,"minecraft:lime_bed":1,"minecraft:iron_ore":12,"minecraft:birch_log":47,"minecraft:chiseled_sandstone":4,"minecraft:grass":9,"minecraft:bookshelf":10,"chococraft:gysahl_green":3,"minecraft:coal_ore":44,"minecraft:oak_log":2,"minecraft:iron_bars":9,"minecraft:sand":1,"minecraft:dirt":3,"minecraft:stone":47,"minecraft:netherrack":47},"minecraft:used":{"minecraft:water_bucket":1,"minecraft:sandstone_stairs":2,"minecraft:stone_sword":106,"minecraft:birch_planks":21,"minecraft:stone_pickaxe":126,"minecraft:baked_potato":3,"minecraft:oak_planks":2,"minecraft:shield":1,"minecraft:wooden_pickaxe":59,"minecraft:cut_sandstone":12,"minecraft:rotten_flesh":11,"minecraft:sand":6,"minecraft:torch":18,"minecraft:dirt":7,"minecraft:crafting_table":4,"minecraft:obsidian":2,"minecraft:wooden_axe":13,"minecraft:apple":1,"minecraft:lava_bucket":1,"minecraft:stone_axe":32,"minecraft:furnace":1,"minecraft:bucket":3,"minecraft:birch_log":42,"tombstone:gift":1,"chococraft:gysahl_green":11,"minecraft:cooked_beef":3,"minecraft:cooked_mutton":2},"minecraft:killed":{"minecraft:spider":4,"minecraft:bat":1,"minecraft:creeper":1,"minecraft:skeleton":6,"minecraft:zombie":7},"minecraft:crafted":{"minecraft:cooked_beef":3,"minecraft:oak_planks":8,"minecraft:fishing_rod":1,"minecraft:crafting_table":2,"minecraft:wooden_pickaxe":1,"minecraft:furnace":1,"minecraft:bucket":1,"minecraft:birch_planks":188,"minecraft:stone_axe":1,"minecraft:air":0,"minecraft:bow":1,"minecraft:stick":88,"minecraft:iron_ingot":3,"minecraft:stone_pickaxe":1,"minecraft:wooden_axe":1,"minecraft:stone_sword":1},"minecraft:dropped":{"minecraft:gravel":1,"minecraft:polished_diorite":2,"minecraft:stone_axe":1,"chococraft:loverly_gysahl_green":1,"minecraft:wheat_seeds":2,"minecraft:sandstone_stairs":6,"tombstone:gift":2,"minecraft:cobblestone":28,"minecraft:oak_planks":1,"minecraft:leather":2,"minecraft:granite":2,"minecraft:cooked_mutton":3,"minecraft:coal":2,"minecraft:gunpowder":2,"minecraft:andesite":1,"minecraft:wooden_axe":1,"minecraft:cut_sandstone":11,"minecraft:oak_sapling":1,"tombstone:grave_dust":2,"minecraft:spider_eye":2,"minecraft:iron_bars":7,"minecraft:sandstone":31,"minecraft:sand":6,"minecraft:bow":5,"minecraft:netherrack":36,"minecraft:chiseled_sandstone":9},"minecraft:custom":{"minecraft:interact_with_furnace":10,"minecraft:mob_kills":20,"minecraft:interact_with_crafting_table":14,"minecraft:play_one_minute":52540,"minecraft:eat_cake_slice":6,"minecraft:leave_game":1,"minecraft:time_since_death":3668,"minecraft:climb_one_cm":137,"minecraft:time_since_rest":1547,"minecraft:sprint_one_cm":176308,"minecraft:damage_taken":2407,"minecraft:walk_one_cm":78121,"minecraft:drop":60,"minecraft:damage_dealt":4864,"minecraft:swim_one_cm":17074,"minecraft:fly_one_cm":286425,"minecraft:player_kills":2,"minecraft:open_chest":39,"minecraft:crouch_one_cm":7703,"tombstone:undead_killed":13,"minecraft:deaths":5,"minecraft:sneak_time":3806,"minecraft:walk_under_water_one_cm":1075,"tombstone:tomb_raiding":1,"minecraft:jump":1174,"minecraft:walk_on_water_one_cm":9637,"minecraft:fall_one_cm":22703},"minecraft:picked_up":{"minecraft:wooden_axe":1,"minecraft:birch_log":47,"minecraft:lime_bed":1,"chococraft:loverly_gysahl_green":2,"minecraft:crafting_table":2,"minecraft:andesite":1,"minecraft:water_bucket":1,"minecraft:cut_sandstone":23,"minecraft:leather":2,"minecraft:birch_planks":5,"minecraft:flint":6,"minecraft:oak_log":2,"minecraft:gunpowder":2,"minecraft:dirt":10,"minecraft:string":6,"tombstone:gift":1,"minecraft:cooked_mutton":9,"minecraft:bone":1,"chococraft:gysahl_green":11,"minecraft:apple":1,"minecraft:bow":5,"minecraft:wheat_seeds":3,"minecraft:gold_nugget":7,"minecraft:beef":3,"minecraft:iron_ore":12,"minecraft:iron_nugget":6,"minecraft:birch_sapling":5,"minecraft:oak_planks":10,"minecraft:book":27,"minecraft:stick":10,"minecraft:sandstone":31,"minecraft:torch":5,"minecraft:gravel":1,"minecraft:fire_charge":2,"minecraft:sand":12,"chococraft:gysahl_green_seeds":6,"tombstone:grave_dust":2,"minecraft:chiseled_sandstone":9,"minecraft:spider_eye":2,"minecraft:arrow":4,"minecraft:rotten_flesh":12,"minecraft:polished_diorite":2,"minecraft:sandstone_stairs":8,"minecraft:granite":2,"tombstone:magic_scroll":1,"minecraft:oak_sapling":1,"minecraft:netherrack":72,"minecraft:iron_bars":9,"minecraft:coal":61,"minecraft:cobblestone":77},"minecraft:killed_by":{"minecraft:skeleton":2,"minecraft:creeper":1,"minecraft:zombie":1,"minecraft:enderman":1}},"DataVersion":2586}