{"stats":{"minecraft:dropped":{"minecraft:yellow_bed":1,"minecraft:wheat":72,"minecraft:oak_sapling":7},"minecraft:used":{"minecraft:cooked_mutton":2,"minecraft:wooden_axe":33,"minecraft:iron_bars":2,"minecraft:bread":9,"minecraft:stone_pickaxe":6,"minecraft:oak_planks":4,"minecraft:wooden_pickaxe":3,"minecraft:stone_axe":15,"minecraft:torch":2,"minecraft:cobblestone":1,"minecraft:crafting_table":4,"minecraft:yellow_bed":4},"minecraft:custom":{"minecraft:time_since_rest":7190,"minecraft:sprint_one_cm":95993,"minecraft:damage_taken":384,"minecraft:walk_one_cm":66605,"minecraft:mob_kills":16,"minecraft:drop":4,"minecraft:damage_dealt":3260,"minecraft:swim_one_cm":1003,"minecraft:interact_with_crafting_table":13,"minecraft:talked_to_villager":1,"minecraft:fly_one_cm":291660,"minecraft:open_chest":15,"minecraft:play_one_minute":35438,"minecraft:crouch_one_cm":2139,"tombstone:undead_killed":8,"minecraft:bell_ring":1,"minecraft:sneak_time":1173,"minecraft:walk_under_water_one_cm":97,"minecraft:jump":960,"minecraft:walk_on_water_one_cm":129,"minecraft:leave_game":3,"minecraft:time_since_death":35438,"minecraft:sleep_in_bed":2,"minecraft:climb_one_cm":1072,"minecraft:fall_one_cm":10643,"minecraft:horse_one_cm":9405},"minecraft:crafted":{"minecraft:oak_planks":44,"minecraft:shield":1,"minecraft:crafting_table":1,"minecraft:stick":8,"minecraft:wooden_pickaxe":1,"minecraft:wooden_axe":1,"minecraft:stone_axe":1,"minecraft:bread":153,"minecraft:wheat":456},"minecraft:killed":{"minecraft:sheep":4,"minecraft:skeleton":2,"minecraft:zombie":6,"minecraft:iron_golem":1,"minecraft:creeper":2},"minecraft:broken":{"minecraft:wooden_axe":1},"minecraft:mined":{"minecraft:hay_block":51,"minecraft:lime_bed":1,"minecraft:white_bed":1,"minecraft:yellow_bed":11,"minecraft:crafting_table":4,"minecraft:torch":6,"minecraft:grass":5,"minecraft:oak_log":11,"minecraft:iron_bars":2,"minecraft:gravel":1,"minecraft:cobblestone":4,"minecraft:oak_planks":1,"minecraft:oak_leaves":3,"minecraft:spawner":1},"minecraft:picked_up":{"minecraft:crafting_table":4,"minecraft:lime_bed":1,"minecraft:wheat":75,"minecraft:torch":6,"minecraft:dandelion":1,"minecraft:oak_log":11,"minecraft:yellow_bed":12,"minecraft:white_bed":1,"minecraft:gunpowder":2,"minecraft:bone":3,"minecraft:arrow":2,"minecraft:rotten_flesh":7,"minecraft:bow":1,"minecraft:hay_block":51,"minecraft:iron_ingot":4,"minecraft:poppy":2,"minecraft:chainmail_helmet":1,"minecraft:black_wool":2,"minecraft:oak_sapling":14,"minecraft:oak_planks":1,"minecraft:cobblestone":4,"minecraft:mutton":6,"minecraft:iron_bars":2,"minecraft:white_wool":1}},"DataVersion":2586}