{"stats":{"minecraft:mined":{"minecraft:jungle_slab":1,"minecraft:crafting_table":2,"minecraft:granite":5,"minecraft:acacia_log":9,"minecraft:grass_block":1,"minecraft:chest":1,"minecraft:dead_bush":1,"minecraft:tall_grass":1,"minecraft:tall_seagrass":1,"minecraft:iron_ore":9,"minecraft:fire":3,"minecraft:gold_block":2,"minecraft:grass":4,"minecraft:oak_log":14,"minecraft:coal_ore":16,"minecraft:sand":1,"minecraft:dirt":3,"minecraft:stone":24,"minecraft:oak_leaves":1},"minecraft:used":{"minecraft:acacia_boat":1,"minecraft:acacia_log":9,"minecraft:stone_pickaxe":27,"minecraft:wooden_pickaxe":32,"minecraft:dirt":4,"minecraft:crafting_table":4,"minecraft:acacia_sapling":2,"minecraft:granite":5,"minecraft:oak_log":9,"minecraft:iron_pickaxe":2,"minecraft:stone_axe":45,"minecraft:cobblestone":2,"minecraft:furnace":2,"minecraft:porkchop":2,"minecraft:cooked_porkchop":3,"tombstone:gift":3,"minecraft:acacia_planks":2},"minecraft:killed":{"minecraft:pig":13,"minecraft:spider":2,"minecraft:creeper":1,"minecraft:zombie":2,"minecraft:chicken":1,"minecraft:cow":1},"minecraft:crafted":{"minecraft:oak_planks":16,"minecraft:cooked_porkchop":4,"minecraft:crafting_table":3,"minecraft:wooden_pickaxe":1,"minecraft:furnace":2,"minecraft:stone_axe":1,"minecraft:acacia_boat":1,"minecraft:air":0,"minecraft:gold_nugget":162,"minecraft:stick":4,"minecraft:iron_ingot":9,"minecraft:iron_pickaxe":1,"minecraft:stone_pickaxe":1,"minecraft:gold_ingot":18,"minecraft:acacia_planks":36,"minecraft:golden_carrot":6},"minecraft:dropped":{"minecraft:water_bucket":1,"minecraft:wheat_seeds":1,"chococraft:loverly_gysahl_green":1,"minecraft:iron_nugget":6,"minecraft:cobblestone":12,"minecraft:rotten_flesh":4,"minecraft:oak_planks":7,"minecraft:apple":1,"minecraft:leather":2,"chococraft:gysahl_green_seeds":3,"minecraft:coal":13,"minecraft:flint":6,"minecraft:dirt":3,"minecraft:gunpowder":2,"minecraft:wooden_axe":1,"minecraft:oak_sapling":1,"tombstone:grave_dust":1,"minecraft:fire_charge":2,"minecraft:spider_eye":1,"minecraft:wooden_pickaxe":1,"minecraft:beef":3,"minecraft:string":2,"minecraft:netherrack":36},"minecraft:custom":{"minecraft:interact_with_furnace":13,"minecraft:mob_kills":20,"minecraft:interact_with_crafting_table":11,"minecraft:play_one_minute":41176,"minecraft:leave_game":3,"minecraft:time_since_death":24655,"minecraft:climb_one_cm":56,"minecraft:time_since_rest":24030,"minecraft:sprint_one_cm":97697,"minecraft:damage_taken":957,"minecraft:walk_one_cm":44643,"tombstone:sneak_grave":5,"minecraft:drop":23,"minecraft:damage_dealt":2670,"minecraft:swim_one_cm":10272,"minecraft:fly_one_cm":441211,"minecraft:open_chest":5,"minecraft:crouch_one_cm":2817,"tombstone:undead_killed":2,"minecraft:deaths":3,"minecraft:sneak_time":1007,"minecraft:walk_under_water_one_cm":1770,"minecraft:boat_one_cm":84256,"minecraft:jump":1237,"minecraft:walk_on_water_one_cm":5017,"minecraft:fall_one_cm":31418},"minecraft:picked_up":{"minecraft:wooden_axe":1,"chococraft:loverly_gysahl_green":1,"minecraft:crafting_table":2,"minecraft:chicken":1,"minecraft:water_bucket":1,"minecraft:leather":4,"minecraft:gold_block":2,"minecraft:flint":6,"minecraft:oak_log":13,"minecraft:gunpowder":4,"minecraft:dirt":7,"minecraft:string":2,"tombstone:gift":1,"minecraft:acacia_planks":23,"minecraft:apple":2,"minecraft:wheat_seeds":1,"minecraft:iron_ingot":9,"minecraft:beef":6,"minecraft:stone_pickaxe":1,"minecraft:iron_ore":9,"minecraft:iron_nugget":13,"minecraft:chest":1,"minecraft:oak_planks":7,"minecraft:acacia_sapling":2,"minecraft:stick":10,"minecraft:cooked_porkchop":8,"minecraft:acacia_log":9,"minecraft:fire_charge":2,"minecraft:porkchop":24,"minecraft:sand":1,"chococraft:gysahl_green_seeds":3,"tombstone:grave_dust":1,"minecraft:jungle_slab":1,"minecraft:spider_eye":2,"minecraft:rotten_flesh":8,"minecraft:stone_axe":1,"minecraft:granite":5,"minecraft:golden_horse_armor":1,"minecraft:oak_sapling":5,"minecraft:netherrack":36,"minecraft:coal":29,"minecraft:cobblestone":37},"minecraft:killed_by":{"minecraft:player":2,"minecraft:zombie":1}},"DataVersion":2586}