{"stats":{"minecraft:custom":{"minecraft:time_since_rest":8368,"minecraft:sprint_one_cm":57171,"minecraft:damage_taken":102,"minecraft:walk_one_cm":43542,"minecraft:mob_kills":3,"minecraft:damage_dealt":521,"minecraft:talked_to_villager":1,"minecraft:interact_with_crafting_table":3,"minecraft:fly_one_cm":88287,"minecraft:open_chest":10,"minecraft:crouch_one_cm":1639,"minecraft:play_one_minute":21428,"tombstone:undead_killed":2,"minecraft:bell_ring":1,"minecraft:sneak_time":709,"minecraft:jump":698,"minecraft:leave_game":1,"minecraft:time_since_death":21428,"minecraft:sleep_in_bed":1,"minecraft:climb_one_cm":1072,"minecraft:fall_one_cm":5765,"minecraft:horse_one_cm":9405},"minecraft:mined":{"minecraft:hay_block":51,"minecraft:lime_bed":1,"minecraft:white_bed":1,"minecraft:yellow_bed":8,"minecraft:crafting_table":1,"minecraft:torch":6,"minecraft:grass":3,"minecraft:oak_log":11,"minecraft:iron_bars":2,"minecraft:oak_leaves":3,"minecraft:spawner":1},"minecraft:killed":{"minecraft:sheep":1,"minecraft:skeleton":2},"minecraft:picked_up":{"minecraft:lime_bed":1,"minecraft:crafting_table":1,"minecraft:torch":6,"minecraft:dandelion":1,"minecraft:oak_log":11,"minecraft:yellow_bed":9,"minecraft:white_bed":1,"minecraft:arrow":1,"minecraft:bone":3,"minecraft:rotten_flesh":2,"minecraft:bow":1,"minecraft:hay_block":51,"minecraft:chainmail_helmet":1,"minecraft:oak_sapling":7,"minecraft:mutton":2,"minecraft:iron_bars":2,"minecraft:white_wool":1},"minecraft:crafted":{"minecraft:oak_planks":24,"minecraft:crafting_table":1,"minecraft:stick":4,"minecraft:wooden_pickaxe":1,"minecraft:wooden_axe":1},"minecraft:used":{"minecraft:wooden_axe":13,"minecraft:bread":3,"minecraft:wooden_pickaxe":3,"minecraft:torch":1,"minecraft:crafting_table":2,"minecraft:yellow_bed":1}},"DataVersion":2586}