{"stats":{"minecraft:custom":{"minecraft:interact_with_furnace":13,"minecraft:mob_kills":31,"minecraft:interact_with_crafting_table":21,"minecraft:play_one_minute":79999,"minecraft:leave_game":10,"minecraft:time_since_death":63478,"minecraft:climb_one_cm":56,"minecraft:time_since_rest":62853,"minecraft:sprint_one_cm":195794,"minecraft:damage_taken":1313,"minecraft:walk_one_cm":88475,"tombstone:sneak_grave":5,"minecraft:drop":29,"minecraft:damage_dealt":4250,"minecraft:swim_one_cm":15337,"minecraft:fly_one_cm":667366,"minecraft:open_chest":10,"minecraft:crouch_one_cm":4114,"tombstone:undead_killed":4,"minecraft:deaths":3,"minecraft:sneak_time":1433,"minecraft:walk_under_water_one_cm":3770,"minecraft:boat_one_cm":84256,"minecraft:jump":1982,"minecraft:walk_on_water_one_cm":7829,"minecraft:fall_one_cm":44281},"minecraft:crafted":{"minecraft:golden_carrot":6,"minecraft:oak_planks":52,"minecraft:cooked_porkchop":4,"minecraft:crafting_table":4,"minecraft:wooden_pickaxe":1,"minecraft:furnace":2,"minecraft:stone_axe":1,"minecraft:acacia_boat":2,"minecraft:bread":2,"minecraft:air":0,"minecraft:gold_nugget":162,"minecraft:stick":4,"minecraft:iron_ingot":9,"minecraft:iron_pickaxe":1,"minecraft:stone_pickaxe":1,"minecraft:gold_ingot":18,"minecraft:acacia_planks":36},"minecraft:dropped":{"minecraft:water_bucket":1,"minecraft:wheat_seeds":1,"chococraft:loverly_gysahl_green":1,"minecraft:iron_nugget":6,"minecraft:glass_bottle":1,"minecraft:golden_axe":2,"minecraft:cobblestone":12,"minecraft:rotten_flesh":5,"minecraft:oak_planks":7,"minecraft:leather":2,"minecraft:apple":1,"chococraft:gysahl_green_seeds":3,"minecraft:coal":13,"minecraft:flint":6,"minecraft:dirt":3,"minecraft:gunpowder":2,"chococraft:chocobo_drumstick_raw":1,"minecraft:wooden_axe":1,"minecraft:oak_sapling":1,"tombstone:grave_dust":1,"minecraft:fire_charge":2,"minecraft:spider_eye":1,"minecraft:beef":3,"minecraft:stone_pickaxe":1,"minecraft:wooden_pickaxe":1,"minecraft:string":2,"minecraft:netherrack":36},"minecraft:killed_by":{"minecraft:player":2,"minecraft:zombie":1},"minecraft:picked_up":{"minecraft:crafting_table":3,"chococraft:loverly_gysahl_green":1,"minecraft:chicken":1,"minecraft:water_bucket":1,"minecraft:leather":4,"minecraft:gold_block":2,"minecraft:flint":6,"minecraft:oak_log":13,"minecraft:brewing_stand":1,"minecraft:gunpowder":4,"minecraft:string":2,"minecraft:dirt":9,"tombstone:gift":1,"minecraft:acacia_planks":23,"minecraft:apple":2,"minecraft:wheat_seeds":1,"minecraft:iron_ingot":9,"minecraft:beef":6,"minecraft:stone_pickaxe":1,"minecraft:iron_ore":9,"minecraft:iron_nugget":13,"minecraft:iron_pickaxe":1,"minecraft:chest":1,"minecraft:oak_planks":7,"minecraft:acacia_sapling":2,"minecraft:book":6,"minecraft:stick":10,"minecraft:cooked_porkchop":8,"minecraft:acacia_log":9,"minecraft:fire_charge":2,"minecraft:porkchop":39,"minecraft:sand":1,"minecraft:golden_axe":1,"chococraft:gysahl_green_seeds":3,"tombstone:grave_dust":1,"minecraft:jungle_slab":1,"minecraft:spider_eye":3,"minecraft:rotten_flesh":10,"minecraft:stone_axe":1,"minecraft:granite":5,"minecraft:golden_horse_armor":1,"chococraft:chocobo_drumstick_raw":1,"minecraft:oak_sapling":5,"minecraft:netherrack":36,"minecraft:iron_bars":2,"minecraft:coal":29,"minecraft:cobblestone":48,"minecraft:wooden_axe":1},"minecraft:broken":{"minecraft:stone_axe":1},"minecraft:mined":{"minecraft:jungle_slab":1,"minecraft:brewing_stand":1,"minecraft:crafting_table":4,"minecraft:granite":5,"minecraft:acacia_log":9,"minecraft:grass_block":2,"minecraft:chest":1,"minecraft:dead_bush":1,"minecraft:tall_grass":1,"minecraft:spawner":2,"minecraft:tall_seagrass":1,"minecraft:iron_ore":9,"minecraft:fire":3,"minecraft:gold_block":2,"minecraft:grass":8,"minecraft:bookshelf":2,"minecraft:coal_ore":16,"minecraft:oak_log":14,"minecraft:iron_bars":2,"minecraft:sand":1,"minecraft:dirt":4,"minecraft:stone":35,"minecraft:oak_leaves":1},"minecraft:killed":{"minecraft:pig":20,"minecraft:spider":3,"minecraft:creeper":1,"minecraft:zombie":4,"minecraft:chicken":1,"minecraft:cow":1,"chococraft:chocobo":1},"minecraft:used":{"minecraft:acacia_boat":1,"minecraft:acacia_log":9,"minecraft:stone_pickaxe":32,"minecraft:oak_planks":13,"minecraft:chest":2,"minecraft:wooden_pickaxe":32,"minecraft:dirt":4,"minecraft:crafting_table":7,"minecraft:white_bed":1,"minecraft:acacia_sapling":2,"minecraft:granite":5,"minecraft:oak_log":9,"minecraft:iron_pickaxe":15,"minecraft:stone_axe":67,"minecraft:potion":1,"minecraft:cobblestone":5,"minecraft:furnace":2,"minecraft:porkchop":2,"minecraft:cooked_porkchop":8,"tombstone:gift":3,"minecraft:cooked_beef":1,"minecraft:acacia_planks":2,"minecraft:golden_axe":1}},"DataVersion":2586}