{"stats":{"minecraft:used":{"minecraft:crafting_table":1,"tombstone:gift":2,"minecraft:wooden_pickaxe":12},"minecraft:mined":{"minecraft:granite":5,"minecraft:grass":2,"minecraft:grass_block":1,"minecraft:oak_log":5,"minecraft:dirt":3,"minecraft:stone":2,"minecraft:oak_leaves":1},"minecraft:crafted":{"minecraft:oak_planks":16,"minecraft:crafting_table":1,"minecraft:wooden_pickaxe":1},"minecraft:custom":{"minecraft:time_since_rest":1169,"minecraft:crouch_one_cm":39,"minecraft:play_one_minute":5671,"minecraft:walk_one_cm":7710,"minecraft:sprint_one_cm":13323,"minecraft:damage_taken":219,"minecraft:deaths":1,"minecraft:sneak_time":92,"minecraft:walk_under_water_one_cm":3,"minecraft:jump":151,"minecraft:damage_dealt":205,"minecraft:leave_game":1,"minecraft:time_since_death":1690,"minecraft:walk_on_water_one_cm":224,"minecraft:swim_one_cm":582,"minecraft:interact_with_crafting_table":1,"minecraft:fall_one_cm":3050,"minecraft:fly_one_cm":42920},"minecraft:picked_up":{"minecraft:stick":2,"minecraft:apple":1,"minecraft:granite":5,"minecraft:oak_log":4,"minecraft:oak_sapling":1,"minecraft:dirt":4,"minecraft:cobblestone":2},"minecraft:killed_by":{"minecraft:player":1}},"DataVersion":2586}