{"stats":{"minecraft:mined":{"minecraft:iron_ore":9,"minecraft:crafting_table":1,"minecraft:granite":5,"minecraft:grass":3,"minecraft:oak_log":5,"minecraft:grass_block":1,"minecraft:coal_ore":16,"minecraft:dirt":3,"minecraft:tall_grass":1,"minecraft:stone":24,"minecraft:oak_leaves":1},"minecraft:used":{"minecraft:stone_pickaxe":27,"minecraft:wooden_pickaxe":32,"minecraft:stone_axe":23,"minecraft:dirt":4,"minecraft:cobblestone":2,"minecraft:crafting_table":2,"minecraft:furnace":2,"minecraft:porkchop":2,"tombstone:gift":2,"minecraft:granite":5},"minecraft:killed":{"minecraft:zombie":2,"minecraft:pig":6,"minecraft:spider":2,"minecraft:creeper":1,"minecraft:cow":1},"minecraft:crafted":{"minecraft:oak_planks":16,"minecraft:cooked_porkchop":4,"minecraft:crafting_table":1,"minecraft:stick":4,"minecraft:wooden_pickaxe":1,"minecraft:iron_ingot":9,"minecraft:stone_pickaxe":1,"minecraft:furnace":2,"minecraft:stone_axe":1,"minecraft:air":0},"minecraft:dropped":{"minecraft:wooden_pickaxe":1},"minecraft:custom":{"minecraft:time_since_rest":160,"minecraft:interact_with_furnace":13,"minecraft:sprint_one_cm":39655,"minecraft:damage_taken":727,"minecraft:walk_one_cm":29202,"tombstone:sneak_grave":1,"minecraft:mob_kills":12,"minecraft:drop":1,"minecraft:damage_dealt":1927,"minecraft:swim_one_cm":7201,"minecraft:interact_with_crafting_table":8,"minecraft:fly_one_cm":130860,"minecraft:open_chest":1,"minecraft:play_one_minute":17306,"minecraft:crouch_one_cm":879,"tombstone:undead_killed":2,"minecraft:deaths":3,"minecraft:sneak_time":529,"minecraft:walk_under_water_one_cm":144,"minecraft:jump":495,"minecraft:leave_game":2,"minecraft:time_since_death":785,"minecraft:walk_on_water_one_cm":1066,"minecraft:climb_one_cm":56,"minecraft:fall_one_cm":11274},"minecraft:picked_up":{"minecraft:stick":2,"minecraft:crafting_table":1,"minecraft:leather":2,"minecraft:porkchop":10,"minecraft:oak_log":4,"minecraft:gunpowder":2,"minecraft:string":2,"minecraft:spider_eye":1,"minecraft:dirt":4,"minecraft:rotten_flesh":4,"minecraft:apple":1,"minecraft:granite":5,"minecraft:beef":3,"minecraft:iron_ore":9,"minecraft:oak_sapling":1,"minecraft:coal":16,"minecraft:cobblestone":25},"minecraft:killed_by":{"minecraft:player":2,"minecraft:zombie":1}},"DataVersion":2586}