{"stats":{"minecraft:killed_by":{"minecraft:enderman":1},"minecraft:dropped":{"minecraft:wheat":72,"minecraft:rotten_flesh":4,"minecraft:stick":2,"minecraft:poppy":2,"minecraft:yellow_bed":1,"minecraft:oak_sapling":14,"minecraft:string":6,"minecraft:white_wool":1,"minecraft:black_wool":2},"minecraft:used":{"minecraft:cooked_mutton":2,"minecraft:iron_bars":2,"minecraft:stone_pickaxe":41,"minecraft:oak_planks":4,"minecraft:shield":33,"minecraft:wooden_pickaxe":3,"minecraft:torch":6,"minecraft:crafting_table":4,"minecraft:wooden_axe":33,"minecraft:bread":15,"minecraft:stone_axe":38,"minecraft:cobblestone":1,"tombstone:gift":1,"minecraft:yellow_bed":4},"minecraft:custom":{"minecraft:mob_kills":24,"minecraft:interact_with_crafting_table":13,"minecraft:play_one_minute":50166,"minecraft:bell_ring":1,"minecraft:leave_game":3,"minecraft:time_since_death":6285,"minecraft:sleep_in_bed":2,"minecraft:climb_one_cm":1072,"minecraft:time_since_rest":3886,"minecraft:sprint_one_cm":170006,"minecraft:damage_taken":1012,"minecraft:walk_one_cm":85142,"minecraft:drop":11,"minecraft:damage_dealt":5295,"minecraft:swim_one_cm":5433,"minecraft:talked_to_villager":1,"minecraft:fly_one_cm":401492,"minecraft:open_chest":21,"minecraft:crouch_one_cm":2933,"tombstone:undead_killed":13,"minecraft:deaths":1,"minecraft:sneak_time":1502,"minecraft:walk_under_water_one_cm":1365,"minecraft:jump":1417,"minecraft:walk_on_water_one_cm":985,"minecraft:fall_one_cm":20505,"minecraft:horse_one_cm":9405},"minecraft:killed":{"minecraft:spider":2,"minecraft:iron_golem":1,"minecraft:creeper":2,"minecraft:sheep":4,"minecraft:skeleton":7,"minecraft:zombie":6,"minecraft:enderman":1},"minecraft:crafted":{"minecraft:oak_planks":44,"minecraft:crafting_table":1,"minecraft:iron_helmet":1,"minecraft:wooden_pickaxe":1,"minecraft:stone_axe":1,"minecraft:bread":153,"minecraft:shield":1,"minecraft:stick":8,"minecraft:wooden_axe":1,"minecraft:wheat":456},"minecraft:broken":{"minecraft:wooden_axe":1},"minecraft:mined":{"minecraft:white_bed":1,"minecraft:crafting_table":5,"minecraft:torch":6,"minecraft:cobblestone":4,"minecraft:oak_planks":1,"minecraft:spawner":3,"minecraft:hay_block":51,"minecraft:lime_bed":1,"minecraft:iron_ore":2,"minecraft:andesite":1,"minecraft:yellow_bed":11,"minecraft:grass":5,"minecraft:oak_log":11,"minecraft:iron_bars":4,"minecraft:gravel":1,"minecraft:dirt":2,"minecraft:cracked_stone_bricks":1,"minecraft:stone_bricks":1,"minecraft:stone":22,"minecraft:oak_leaves":4},"minecraft:picked_up":{"minecraft:lime_bed":1,"minecraft:crafting_table":5,"minecraft:wheat":75,"minecraft:andesite":1,"minecraft:enchanted_book":1,"minecraft:oak_log":11,"minecraft:yellow_bed":12,"minecraft:gunpowder":2,"minecraft:string":3,"minecraft:dirt":2,"minecraft:bone":9,"minecraft:stone_bricks":1,"minecraft:cracked_stone_bricks":1,"minecraft:bow":1,"minecraft:iron_ingot":4,"minecraft:iron_ore":2,"minecraft:poppy":2,"minecraft:oak_planks":1,"minecraft:torch":6,"minecraft:dandelion":1,"minecraft:white_bed":1,"minecraft:spider_eye":2,"minecraft:arrow":4,"minecraft:rotten_flesh":7,"minecraft:hay_block":51,"minecraft:chainmail_helmet":1,"minecraft:oak_sapling":14,"minecraft:black_wool":2,"minecraft:mutton":6,"minecraft:iron_bars":4,"minecraft:cobblestone":26,"minecraft:white_wool":1}},"DataVersion":2586}