{
  "minecraft:recipes/misc/charcoal": {
    "criteria": {
      "has_log": "2024-07-09 01:43:56 +0000"
    },
    "done": true
  },
  "chococraft:recipes/chococraft/pickled_gysahl_raw": {
    "criteria": {
      "has_gysahl_green": "2024-07-09 01:42:20 +0000"
    },
    "done": true
  },
  "chococraft:recipes/chococraft/red_gysahl": {
    "criteria": {
      "has_gysahl_green": "2024-07-09 01:42:20 +0000"
    },
    "done": true
  },
  "tombstone:adventure/find_easter_egg": {
    "criteria": {
      "coded_trigger": "2024-07-09 01:42:20 +0000"
    },
    "done": true
  },
  "minecraft:husbandry/root": {
    "criteria": {
      "consumed_item": "2024-07-09 01:43:02 +0000"
    },
    "done": true
  },
  "minecraft:recipes/transportation/dark_oak_boat": {
    "criteria": {
      "in_water": "2024-07-09 01:42:26 +0000"
    },
    "done": true
  },
  "minecraft:recipes/transportation/birch_boat": {
    "criteria": {
      "in_water": "2024-07-09 01:42:26 +0000"
    },
    "done": true
  },
  "tombstone:adventure/root": {
    "criteria": {
      "auto": "2024-07-09 01:39:52 +0000"
    },
    "done": true
  },
  "tombstone:adventure/eat_easter_egg_food": {
    "criteria": {
      "coded_trigger": "2024-07-09 01:43:02 +0000"
    },
    "done": true
  },
  "chococraft:recipes/chococraft/pink_gysahl": {
    "criteria": {
      "has_gysahl_green": "2024-07-09 01:42:20 +0000"
    },
    "done": true
  },
  "tombstone:adventure/first_knowledge": {
    "criteria": {
      "coded_trigger": "2024-07-09 01:43:02 +0000"
    },
    "done": true
  },
  "chococraft:recipes/chococraft/gysahl_cake": {
    "criteria": {
      "has_gysahl_green": "2024-07-09 01:42:20 +0000"
    },
    "done": true
  },
  "chococraft:recipes/chococraft/chocopedia": {
    "criteria": {
      "has_gysahl_green": "2024-07-09 01:42:20 +0000"
    },
    "done": true
  },
  "minecraft:recipes/transportation/acacia_boat": {
    "criteria": {
      "in_water": "2024-07-09 01:42:26 +0000"
    },
    "done": true
  },
  "minecraft:recipes/building_blocks/birch_wood": {
    "criteria": {
      "has_log": "2024-07-09 01:43:56 +0000"
    },
    "done": true
  },
  "minecraft:recipes/transportation/oak_boat": {
    "criteria": {
      "in_water": "2024-07-09 01:42:26 +0000"
    },
    "done": true
  },
  "chococraft:recipes/chococraft/gysahl_green_to_seeds": {
    "criteria": {
      "has_gysahl_green": "2024-07-09 01:42:20 +0000"
    },
    "done": true
  },
  "minecraft:adventure/root": {
    "criteria": {
      "killed_something": "2024-07-09 01:42:59 +0000"
    },
    "done": true
  },
  "mowziesmobs:root": {
    "criteria": {
      "custom_test_name": "2024-07-09 01:39:52 +0000"
    },
    "done": true
  },
  "minecraft:recipes/transportation/jungle_boat": {
    "criteria": {
      "in_water": "2024-07-09 01:42:26 +0000"
    },
    "done": true
  },
  "minecraft:recipes/transportation/spruce_boat": {
    "criteria": {
      "in_water": "2024-07-09 01:42:26 +0000"
    },
    "done": true
  },
  "minecraft:adventure/adventuring_time": {
    "criteria": {
      "minecraft:desert": "2024-07-09 01:42:35 +0000",
      "minecraft:river": "2024-07-09 01:42:24 +0000",
      "minecraft:wooded_hills": "2024-07-09 01:43:53 +0000",
      "minecraft:plains": "2024-07-09 01:39:52 +0000"
    },
    "done": false
  },
  "minecraft:recipes/building_blocks/birch_planks": {
    "criteria": {
      "has_logs": "2024-07-09 01:43:56 +0000"
    },
    "done": true
  },
  "DataVersion": 2586
}